Pais,Ano,Valor
Afghanistan,2010,2.2
Albania,2010,3.6
Algeria,2010,3.9
American Samoa,2010,
Andorra,2010,
Angola,2010,14.5
Antigua and Barbuda,2010,3.4
Argentina,2010,
Armenia,2010,8.2
Aruba,2010,2.1
Australia,2010,2.9
Austria,2010,1.8
Azerbaijan,2010,5.7
Bahamas,2010,
Bahrain,2010,2.0
Bangladesh,2010,8.1
Barbados,2010,5.8
Belarus,2010,7.7
Belgium,2010,2.2
Belize,2010,0.9
Benin,2010,2.2
Bermuda,2010,
Bhutan,2010,7.0
Bolivia,2010,2.5
Bosnia and Herzegovina,2010,2.0
Botswana,2010,6.9
Brazil,2010,5.0
British Virgin Islands,2010,
Brunei Darussalam,2010,0.4
Bulgaria,2010,2.4
Burkina Faso,2010,-0.8
Burundi,2010,6.5
Cabo Verde,2010,2.1
Cambodia,2010,4.0
Cameroon,2010,1.3
Canada,2010,1.8
Cayman Islands,2010,0.3
Central African Republic,2010,1.5
Chad,2010,-2.1
Channel Islands,2010,
Chile,2010,1.4
China,2010,3.2
Colombia,2010,2.3
Comoros,2010,3.4
Congo,2010,
Congo,2010,
Costa Rica,2010,5.7
Cote d'Ivoire,2010,1.2
Croatia,2010,1.0
Cuba,2010,
Curacao,2010,2.8
Cyprus,2010,2.4
Czechia,2010,1.5
Denmark,2010,2.3
Djibouti,2010,4.0
Dominica,2010,3.0
Dominican Republic,2010,6.3
Ecuador,2010,3.6
Egypt,2010,
El Salvador,2010,1.2
Equatorial Guinea,2010,7.8
Eritrea,2010,
Estonia,2010,3.0
Ethiopia,2010,8.1
Faroe Islands,2010,
Fiji,2010,3.7
Finland,2010,1.2
France,2010,1.5
French Polynesia,2010,
Gabon,2010,1.5
Gambia,2010,
Georgia,2010,7.1
Germany,2010,1.1
Ghana,2010,10.7
Gibraltar,2010,
Greece,2010,4.7
Greenland,2010,
Grenada,2010,3.4
Guam,2010,
Guatemala,2010,3.9
Guinea,2010,15.1
Guinea-Bissau,2010,2.5
Guyana,2010,3.7
Haiti,2010,4.8
Honduras,2010,4.7
Hong Kong SAR,2010,
Hungary,2010,4.9
Iceland,2010,5.4
India,2010,12.0
Indonesia,2010,5.1
Iran,2010,
Iraq,2010,2.9
Ireland,2010,-0.9
Isle of Man,2010,
Israel,2010,2.7
Italy,2010,1.5
Jamaica,2010,12.6
Japan,2010,-0.7
Jordan,2010,4.8
Kazakhstan,2010,7.4
Kenya,2010,4.0
Kiribati,2010,-3.9
Korea,2010,
Korea,2010,
Kosovo,2010,3.5
Kuwait,2010,4.5
Kyrgyz Republic,2010,8.0
Lao PDR,2010,6.0
Latvia,2010,-1.1
Lebanon,2010,4.0
Lesotho,2010,-2.4
Liberia,2010,7.3
Libya,2010,2.8
Liechtenstein,2010,
Lithuania,2010,1.3
Luxembourg,2010,2.3
Macao SAR,2010,
North Macedonia,2010,1.5
Madagascar,2010,9.2
Malawi,2010,7.4
Malaysia,2010,1.6
Maldives,2010,6.1
Mali,2010,1.1
Malta,2010,1.5
Marshall Islands,2010,
Mauritania,2010,6.3
Mauritius,2010,2.9
Mexico,2010,4.2
Micronesia,2010,
Moldova,2010,7.5
Monaco,2010,
Mongolia,2010,10.0
Montenegro,2010,0.7
Morocco,2010,1.0
Mozambique,2010,12.4
Myanmar,2010,7.7
Namibia,2010,4.9
Nauru,2010,
Nepal,2010,9.3
Netherlands,2010,1.3
New Caledonia,2010,
New Zealand,2010,2.3
Nicaragua,2010,5.5
Niger,2010,0.8
Nigeria,2010,13.7
Northern Mariana Islands,2010,
Norway,2010,2.4
Oman,2010,3.3
Pakistan,2010,12.9
Palau,2010,1.4
Panama,2010,3.5
Papua New Guinea,2010,6.0
Paraguay,2010,4.7
Peru,2010,1.5
Philippines,2010,3.8
Poland,2010,2.6
Portugal,2010,1.4
Puerto Rico,2010,
Qatar,2010,-2.4
Romania,2010,6.1
Russian Federation,2010,6.8
Rwanda,2010,-0.2
Samoa,2010,0.8
San Marino,2010,2.6
Sao Tome and Principe,2010,13.3
Saudi Arabia,2010,5.3
Senegal,2010,1.2
Serbia,2010,6.1
Seychelles,2010,-2.4
Sierra Leone,2010,7.2
Singapore,2010,2.8
Sint Maarten (Dutch part),2010,1.3
Slovak Republic,2010,1.0
Slovenia,2010,1.8
Solomon Islands,2010,1.1
Somalia,2010,
South Africa,2010,4.1
South Sudan,2010,1.2
Spain,2010,1.8
Sri Lanka,2010,6.2
St. Kitts and Nevis,2010,0.9
St. Lucia,2010,3.3
St. Martin (French part),2010,
St. Vincent and the Grenadines,2010,0.7
Sudan,2010,13.0
Suriname,2010,6.9
Eswatini,2010,4.5
Sweden,2010,1.2
Switzerland,2010,0.7
Syrian Arab Republic,2010,4.4
Tajikistan,2010,6.4
Tanzania,2010,6.2
Thailand,2010,3.2
Timor-Leste,2010,6.8
Togo,2010,1.4
Tonga,2010,3.5
Trinidad and Tobago,2010,10.5
Tunisia,2010,3.3
Turkiye,2010,8.6
Turkmenistan,2010,
Turks and Caicos Islands,2010,
Tuvalu,2010,
Uganda,2010,4.0
Ukraine,2010,9.4
United Arab Emirates,2010,0.9
United Kingdom,2010,2.5
United States,2010,1.6
Uruguay,2010,6.7
Uzbekistan,2010,
Vanuatu,2010,2.8
Venezuela,2010,
Viet Nam,2010,9.2
Virgin Islands (U.S.),2010,
West Bank and Gaza,2010,3.7
Yemen,2010,
Zambia,2010,8.5
Zimbabwe,2010,3.0
Created from: World Development Indicators,2010,
Afghanistan,2011,11.8
Albania,2011,3.4
Algeria,2011,4.5
American Samoa,2011,
Andorra,2011,
Angola,2011,13.5
Antigua and Barbuda,2011,3.5
Argentina,2011,
Armenia,2011,7.7
Aruba,2011,4.3
Australia,2011,3.3
Austria,2011,3.3
Azerbaijan,2011,7.9
Bahamas,2011,1.3
Bahrain,2011,-0.4
Bangladesh,2011,11.4
Barbados,2011,9.4
Belarus,2011,53.2
Belgium,2011,3.5
Belize,2011,1.6
Benin,2011,2.7
Bermuda,2011,
Bhutan,2011,8.8
Bolivia,2011,9.9
Bosnia and Herzegovina,2011,3.7
Botswana,2011,8.5
Brazil,2011,6.6
British Virgin Islands,2011,
Brunei Darussalam,2011,0.1
Bulgaria,2011,4.2
Burkina Faso,2011,2.8
Burundi,2011,9.6
Cabo Verde,2011,4.5
Cambodia,2011,5.5
Cameroon,2011,2.9
Canada,2011,2.9
Cayman Islands,2011,1.3
Central African Republic,2011,1.2
Chad,2011,2.0
Channel Islands,2011,
Chile,2011,3.3
China,2011,5.6
Colombia,2011,3.4
Comoros,2011,1.8
Congo,2011,7.1
Congo,2011,0.4
Costa Rica,2011,4.9
Cote d'Ivoire,2011,4.9
Croatia,2011,2.3
Cuba,2011,
Curacao,2011,2.3
Cyprus,2011,3.3
Czechia,2011,1.9
Denmark,2011,2.8
Djibouti,2011,5.1
Dominica,2011,1.1
Dominican Republic,2011,5.8
Ecuador,2011,4.5
Egypt,2011,11.3
El Salvador,2011,5.1
Equatorial Guinea,2011,4.8
Eritrea,2011,
Estonia,2011,5.0
Ethiopia,2011,33.2
Faroe Islands,2011,
Fiji,2011,7.3
Finland,2011,3.4
France,2011,2.1
French Polynesia,2011,
Gabon,2011,1.3
Gambia,2011,5.0
Georgia,2011,8.5
Germany,2011,2.1
Ghana,2011,8.7
Gibraltar,2011,
Greece,2011,3.3
Greenland,2011,
Grenada,2011,3.0
Guam,2011,
Guatemala,2011,6.2
Guinea,2011,21.3
Guinea-Bissau,2011,5.0
Guyana,2011,5.0
Haiti,2011,6.3
Honduras,2011,6.8
Hong Kong SAR,2011,2.3
Hungary,2011,3.9
Iceland,2011,4.0
India,2011,8.9
Indonesia,2011,5.4
Iran,2011,10.1
Iraq,2011,5.8
Ireland,2011,2.5
Isle of Man,2011,
Israel,2011,3.5
Italy,2011,2.8
Jamaica,2011,7.6
Japan,2011,-0.3
Jordan,2011,4.2
Kazakhstan,2011,8.5
Kenya,2011,14.0
Kiribati,2011,1.5
Korea,2011,
Korea,2011,2.9
Kosovo,2011,7.3
Kuwait,2011,4.8
Kyrgyz Republic,2011,16.6
Lao PDR,2011,7.6
Latvia,2011,4.4
Lebanon,2011,5.0
Lesotho,2011,5.0
Liberia,2011,8.5
Libya,2011,15.5
Liechtenstein,2011,
Lithuania,2011,4.1
Luxembourg,2011,3.4
Macao SAR,2011,2.8
North Macedonia,2011,3.9
Madagascar,2011,9.5
Malawi,2011,7.6
Malaysia,2011,3.2
Maldives,2011,11.3
Mali,2011,3.0
Malta,2011,3.0
Marshall Islands,2011,
Mauritania,2011,5.7
Mauritius,2011,6.5
Mexico,2011,3.4
Micronesia,2011,3.3
Moldova,2011,7.7
Monaco,2011,
Mongolia,2011,8.4
Montenegro,2011,3.5
Morocco,2011,0.9
Mozambique,2011,11.2
Myanmar,2011,5.0
Namibia,2011,5.0
Nauru,2011,0.3
Nepal,2011,9.2
Netherlands,2011,2.3
New Caledonia,2011,2.4
New Zealand,2011,4.0
Nicaragua,2011,8.1
Niger,2011,2.9
Nigeria,2011,10.8
Northern Mariana Islands,2011,
Norway,2011,1.3
Oman,2011,4.0
Pakistan,2011,11.9
Palau,2011,4.7
Panama,2011,5.9
Papua New Guinea,2011,4.4
Paraguay,2011,8.3
Peru,2011,3.4
Philippines,2011,4.7
Poland,2011,4.2
Portugal,2011,3.7
Puerto Rico,2011,
Qatar,2011,1.1
Romania,2011,5.8
Russian Federation,2011,8.4
Rwanda,2011,3.1
Samoa,2011,5.2
San Marino,2011,2.9
Sao Tome and Principe,2011,14.3
Saudi Arabia,2011,5.8
Senegal,2011,3.4
Serbia,2011,11.1
Seychelles,2011,2.6
Sierra Leone,2011,6.8
Singapore,2011,5.2
Sint Maarten (Dutch part),2011,4.6
Slovak Republic,2011,3.9
Slovenia,2011,1.8
Solomon Islands,2011,7.3
Somalia,2011,
South Africa,2011,5.0
South Sudan,2011,46.9
Spain,2011,3.2
Sri Lanka,2011,6.7
St. Kitts and Nevis,2011,5.8
St. Lucia,2011,2.8
St. Martin (French part),2011,
St. Vincent and the Grenadines,2011,3.2
Sudan,2011,18.1
Suriname,2011,17.7
Eswatini,2011,6.1
Sweden,2011,3.0
Switzerland,2011,0.2
Syrian Arab Republic,2011,4.8
Tajikistan,2011,12.4
Tanzania,2011,12.7
Thailand,2011,3.8
Timor-Leste,2011,13.5
Togo,2011,3.6
Tonga,2011,6.3
Trinidad and Tobago,2011,5.1
Tunisia,2011,3.2
Turkiye,2011,6.5
Turkmenistan,2011,
Turks and Caicos Islands,2011,
Tuvalu,2011,0.5
Uganda,2011,16.6
Ukraine,2011,8.0
United Arab Emirates,2011,0.9
United Kingdom,2011,3.9
United States,2011,3.2
Uruguay,2011,8.1
Uzbekistan,2011,13.8
Vanuatu,2011,0.9
Venezuela,2011,28.2
Viet Nam,2011,18.7
Virgin Islands (U.S.),2011,
West Bank and Gaza,2011,2.9
Yemen,2011,11.2
Zambia,2011,6.4
Zimbabwe,2011,3.5
Created from: World Development Indicators,2011,
Afghanistan,2012,6.4
Albania,2012,2.0
Algeria,2012,8.9
American Samoa,2012,
Andorra,2012,
Angola,2012,10.3
Antigua and Barbuda,2012,3.4
Argentina,2012,
Armenia,2012,2.6
Aruba,2012,0.6
Australia,2012,1.8
Austria,2012,2.5
Azerbaijan,2012,1.1
Bahamas,2012,3.2
Bahrain,2012,2.8
Bangladesh,2012,6.2
Barbados,2012,4.5
Belarus,2012,59.2
Belgium,2012,2.8
Belize,2012,1.3
Benin,2012,6.7
Bermuda,2012,
Bhutan,2012,10.9
Bolivia,2012,4.5
Bosnia and Herzegovina,2012,2.1
Botswana,2012,7.5
Brazil,2012,5.4
British Virgin Islands,2012,
Brunei Darussalam,2012,0.1
Bulgaria,2012,3.0
Burkina Faso,2012,3.8
Burundi,2012,18.2
Cabo Verde,2012,2.5
Cambodia,2012,2.9
Cameroon,2012,2.7
Canada,2012,1.5
Cayman Islands,2012,1.2
Central African Republic,2012,5.5
Chad,2012,7.5
Channel Islands,2012,
Chile,2012,3.0
China,2012,2.6
Colombia,2012,3.2
Comoros,2012,6.3
Congo,2012,15.3
Congo,2012,1.8
Costa Rica,2012,4.5
Cote d'Ivoire,2012,1.3
Croatia,2012,3.4
Cuba,2012,
Curacao,2012,3.2
Cyprus,2012,2.4
Czechia,2012,3.3
Denmark,2012,2.4
Djibouti,2012,3.7
Dominica,2012,1.4
Dominican Republic,2012,3.7
Ecuador,2012,5.1
Egypt,2012,10.1
El Salvador,2012,1.7
Equatorial Guinea,2012,3.7
Eritrea,2012,
Estonia,2012,3.9
Ethiopia,2012,23.6
Faroe Islands,2012,
Fiji,2012,3.4
Finland,2012,2.8
France,2012,2.0
French Polynesia,2012,
Gabon,2012,2.7
Gambia,2012,4.8
Georgia,2012,-0.9
Germany,2012,2.0
Ghana,2012,11.2
Gibraltar,2012,
Greece,2012,1.5
Greenland,2012,
Grenada,2012,2.4
Guam,2012,
Guatemala,2012,3.8
Guinea,2012,15.2
Guinea-Bissau,2012,2.1
Guyana,2012,2.4
Haiti,2012,5.0
Honduras,2012,5.2
Hong Kong SAR,2012,5.3
Hungary,2012,5.7
Iceland,2012,5.2
India,2012,9.5
Indonesia,2012,4.3
Iran,2012,26.3
Iraq,2012,6.1
Ireland,2012,1.7
Isle of Man,2012,
Israel,2012,1.7
Italy,2012,3.0
Jamaica,2012,6.9
Japan,2012,0.0
Jordan,2012,4.5
Kazakhstan,2012,5.2
Kenya,2012,9.4
Kiribati,2012,-3.0
Korea,2012,
Korea,2012,4.0
Kosovo,2012,2.5
Kuwait,2012,3.3
Kyrgyz Republic,2012,2.8
Lao PDR,2012,4.3
Latvia,2012,2.3
Lebanon,2012,6.6
Lesotho,2012,6.1
Liberia,2012,6.8
Libya,2012,6.1
Liechtenstein,2012,
Lithuania,2012,3.1
Luxembourg,2012,2.7
Macao SAR,2012,5.8
North Macedonia,2012,3.3
Madagascar,2012,5.7
Malawi,2012,21.3
Malaysia,2012,1.7
Maldives,2012,10.9
Mali,2012,5.3
Malta,2012,2.4
Marshall Islands,2012,
Mauritania,2012,4.9
Mauritius,2012,3.9
Mexico,2012,4.1
Micronesia,2012,5.1
Moldova,2012,4.5
Monaco,2012,
Mongolia,2012,14.3
Montenegro,2012,4.1
Morocco,2012,1.3
Mozambique,2012,2.6
Myanmar,2012,1.5
Namibia,2012,6.7
Nauru,2012,-0.1
Nepal,2012,9.5
Netherlands,2012,2.5
New Caledonia,2012,1.7
New Zealand,2012,1.1
Nicaragua,2012,7.2
Niger,2012,0.5
Nigeria,2012,12.2
Northern Mariana Islands,2012,
Norway,2012,0.7
Oman,2012,2.9
Pakistan,2012,9.7
Palau,2012,3.6
Panama,2012,5.7
Papua New Guinea,2012,4.5
Paraguay,2012,3.7
Peru,2012,3.6
Philippines,2012,3.0
Poland,2012,3.6
Portugal,2012,2.8
Puerto Rico,2012,
Qatar,2012,2.3
Romania,2012,3.3
Russian Federation,2012,5.1
Rwanda,2012,10.3
Samoa,2012,2.0
San Marino,2012,2.8
Sao Tome and Principe,2012,10.6
Saudi Arabia,2012,2.9
Senegal,2012,1.4
Serbia,2012,7.3
Seychelles,2012,7.1
Sierra Leone,2012,6.6
Singapore,2012,4.6
Sint Maarten (Dutch part),2012,4.0
Slovak Republic,2012,3.6
Slovenia,2012,2.6
Solomon Islands,2012,5.9
Somalia,2012,
South Africa,2012,5.7
South Sudan,2012,45.5
Spain,2012,2.4
Sri Lanka,2012,7.5
St. Kitts and Nevis,2012,0.8
St. Lucia,2012,4.2
St. Martin (French part),2012,
St. Vincent and the Grenadines,2012,2.6
Sudan,2012,35.6
Suriname,2012,5.0
Eswatini,2012,8.9
Sweden,2012,0.9
Switzerland,2012,-0.7
Syrian Arab Republic,2012,36.7
Tajikistan,2012,5.8
Tanzania,2012,16.0
Thailand,2012,3.0
Timor-Leste,2012,11.8
Togo,2012,2.6
Tonga,2012,1.1
Trinidad and Tobago,2012,9.3
Tunisia,2012,4.6
Turkiye,2012,8.9
Turkmenistan,2012,
Turks and Caicos Islands,2012,
Tuvalu,2012,
Uganda,2012,12.7
Ukraine,2012,0.6
United Arab Emirates,2012,0.7
United Kingdom,2012,2.6
United States,2012,2.1
Uruguay,2012,8.1
Uzbekistan,2012,13.2
Vanuatu,2012,1.3
Venezuela,2012,26.1
Viet Nam,2012,9.1
Virgin Islands (U.S.),2012,
West Bank and Gaza,2012,2.8
Yemen,2012,19.5
Zambia,2012,6.6
Zimbabwe,2012,3.7
Created from: World Development Indicators,2012,
Afghanistan,2013,7.4
Albania,2013,1.9
Algeria,2013,3.3
American Samoa,2013,
Andorra,2013,
Angola,2013,8.8
Antigua and Barbuda,2013,1.1
Argentina,2013,
Armenia,2013,5.8
Aruba,2013,-2.4
Australia,2013,2.4
Austria,2013,2.0
Azerbaijan,2013,2.4
Bahamas,2013,2.0
Bahrain,2013,3.3
Bangladesh,2013,7.5
Barbados,2013,1.8
Belarus,2013,18.3
Belgium,2013,1.1
Belize,2013,0.5
Benin,2013,0.4
Bermuda,2013,
Bhutan,2013,8.8
Bolivia,2013,5.7
Bosnia and Herzegovina,2013,-0.1
Botswana,2013,5.9
Brazil,2013,6.2
British Virgin Islands,2013,
Brunei Darussalam,2013,0.4
Bulgaria,2013,0.9
Burkina Faso,2013,0.5
Burundi,2013,7.9
Cabo Verde,2013,1.5
Cambodia,2013,2.9
Cameroon,2013,2.1
Canada,2013,0.9
Cayman Islands,2013,2.2
Central African Republic,2013,7.0
Chad,2013,0.2
Channel Islands,2013,
Chile,2013,1.8
China,2013,2.6
Colombia,2013,2.0
Comoros,2013,-4.3
Congo,2013,9.7
Congo,2013,5.0
Costa Rica,2013,5.2
Cote d'Ivoire,2013,2.6
Croatia,2013,2.2
Cuba,2013,
Curacao,2013,1.3
Cyprus,2013,-0.4
Czechia,2013,1.4
Denmark,2013,0.8
Djibouti,2013,2.7
Dominica,2013,0.0
Dominican Republic,2013,4.8
Ecuador,2013,2.7
Egypt,2013,7.1
El Salvador,2013,0.8
Equatorial Guinea,2013,2.9
Eritrea,2013,
Estonia,2013,2.8
Ethiopia,2013,7.5
Faroe Islands,2013,
Fiji,2013,2.9
Finland,2013,1.5
France,2013,0.9
French Polynesia,2013,
Gabon,2013,0.5
Gambia,2013,4.3
Georgia,2013,-0.5
Germany,2013,1.5
Ghana,2013,11.7
Gibraltar,2013,
Greece,2013,-0.9
Greenland,2013,
Grenada,2013,0.0
Guam,2013,
Guatemala,2013,4.3
Guinea,2013,11.9
Guinea-Bissau,2013,1.2
Guyana,2013,1.9
Haiti,2013,4.8
Honduras,2013,5.2
Hong Kong SAR,2013,4.1
Hungary,2013,1.7
Iceland,2013,3.9
India,2013,10.0
Indonesia,2013,6.4
Iran,2013,27.3
Iraq,2013,1.9
Ireland,2013,0.5
Isle of Man,2013,
Israel,2013,1.6
Italy,2013,1.2
Jamaica,2013,9.3
Japan,2013,0.3
Jordan,2013,4.8
Kazakhstan,2013,5.9
Kenya,2013,5.7
Kiribati,2013,-1.5
Korea,2013,
Korea,2013,2.2
Kosovo,2013,1.8
Kuwait,2013,2.7
Kyrgyz Republic,2013,6.6
Lao PDR,2013,6.4
Latvia,2013,0.0
Lebanon,2013,4.8
Lesotho,2013,4.9
Liberia,2013,7.6
Libya,2013,2.6
Liechtenstein,2013,
Lithuania,2013,1.0
Luxembourg,2013,1.7
Macao SAR,2013,6.1
North Macedonia,2013,2.8
Madagascar,2013,5.8
Malawi,2013,27.3
Malaysia,2013,2.1
Maldives,2013,3.8
Mali,2013,-0.6
Malta,2013,1.2
Marshall Islands,2013,
Mauritania,2013,4.1
Mauritius,2013,3.5
Mexico,2013,3.8
Micronesia,2013,5.0
Moldova,2013,4.6
Monaco,2013,
Mongolia,2013,10.5
Montenegro,2013,2.2
Morocco,2013,1.9
Mozambique,2013,4.3
Myanmar,2013,5.6
Namibia,2013,5.6
Nauru,2013,
Nepal,2013,9.0
Netherlands,2013,2.5
New Caledonia,2013,1.3
New Zealand,2013,1.1
Nicaragua,2013,7.1
Niger,2013,2.3
Nigeria,2013,8.5
Northern Mariana Islands,2013,
Norway,2013,2.1
Oman,2013,1.1
Pakistan,2013,7.7
Palau,2013,3.4
Panama,2013,4.0
Papua New Guinea,2013,5.0
Paraguay,2013,2.7
Peru,2013,2.8
Philippines,2013,2.6
Poland,2013,1.0
Portugal,2013,0.3
Puerto Rico,2013,
Qatar,2013,3.2
Romania,2013,4.0
Russian Federation,2013,6.8
Rwanda,2013,5.9
Samoa,2013,0.6
San Marino,2013,1.6
Sao Tome and Principe,2013,8.1
Saudi Arabia,2013,3.5
Senegal,2013,0.7
Serbia,2013,7.7
Seychelles,2013,4.3
Sierra Leone,2013,5.5
Singapore,2013,2.4
Sint Maarten (Dutch part),2013,2.5
Slovak Republic,2013,1.4
Slovenia,2013,1.8
Solomon Islands,2013,5.4
Somalia,2013,
South Africa,2013,5.8
South Sudan,2013,-0.1
Spain,2013,1.4
Sri Lanka,2013,6.9
St. Kitts and Nevis,2013,1.1
St. Lucia,2013,1.5
St. Martin (French part),2013,
St. Vincent and the Grenadines,2013,0.8
Sudan,2013,36.5
Suriname,2013,1.9
Eswatini,2013,5.6
Sweden,2013,0.0
Switzerland,2013,-0.2
Syrian Arab Republic,2013,40.0
Tajikistan,2013,5.0
Tanzania,2013,7.9
Thailand,2013,2.2
Timor-Leste,2013,11.0
Togo,2013,1.8
Tonga,2013,0.8
Trinidad and Tobago,2013,5.2
Tunisia,2013,5.3
Turkiye,2013,7.5
Turkmenistan,2013,
Turks and Caicos Islands,2013,
Tuvalu,2013,
Uganda,2013,4.9
Ukraine,2013,-0.2
United Arab Emirates,2013,1.1
United Kingdom,2013,2.3
United States,2013,1.5
Uruguay,2013,8.6
Uzbekistan,2013,11.8
Vanuatu,2013,1.5
Venezuela,2013,21.1
Viet Nam,2013,6.6
Virgin Islands (U.S.),2013,
West Bank and Gaza,2013,1.7
Yemen,2013,9.9
Zambia,2013,7.0
Zimbabwe,2013,1.6
Created from: World Development Indicators,2013,
Afghanistan,2014,4.7
Albania,2014,1.6
Algeria,2014,2.9
American Samoa,2014,
Andorra,2014,
Angola,2014,7.3
Antigua and Barbuda,2014,1.1
Argentina,2014,
Armenia,2014,3.0
Aruba,2014,0.4
Australia,2014,2.5
Austria,2014,1.6
Azerbaijan,2014,1.4
Bahamas,2014,0.7
Bahrain,2014,2.6
Bangladesh,2014,7.0
Barbados,2014,1.8
Belarus,2014,18.1
Belgium,2014,0.3
Belize,2014,1.2
Benin,2014,-0.5
Bermuda,2014,
Bhutan,2014,8.3
Bolivia,2014,5.8
Bosnia and Herzegovina,2014,-0.9
Botswana,2014,4.4
Brazil,2014,6.3
British Virgin Islands,2014,
Brunei Darussalam,2014,-0.2
Bulgaria,2014,-1.4
Burkina Faso,2014,-0.3
Burundi,2014,4.4
Cabo Verde,2014,-0.2
Cambodia,2014,3.9
Cameroon,2014,1.9
Canada,2014,1.9
Cayman Islands,2014,1.3
Central African Republic,2014,14.9
Chad,2014,1.7
Channel Islands,2014,
Chile,2014,4.7
China,2014,1.9
Colombia,2014,2.9
Comoros,2014,
Congo,2014,0.8
Congo,2014,4.6
Costa Rica,2014,4.5
Cote d'Ivoire,2014,0.4
Croatia,2014,-0.2
Cuba,2014,
Curacao,2014,1.5
Cyprus,2014,-1.4
Czechia,2014,0.3
Denmark,2014,0.6
Djibouti,2014,1.3
Dominica,2014,0.8
Dominican Republic,2014,3.0
Ecuador,2014,3.6
Egypt,2014,9.5
El Salvador,2014,1.1
Equatorial Guinea,2014,4.3
Eritrea,2014,
Estonia,2014,-0.1
Ethiopia,2014,6.9
Faroe Islands,2014,
Fiji,2014,0.5
Finland,2014,1.0
France,2014,0.5
French Polynesia,2014,
Gabon,2014,4.7
Gambia,2014,5.7
Georgia,2014,3.1
Germany,2014,0.9
Ghana,2014,15.5
Gibraltar,2014,
Greece,2014,-1.3
Greenland,2014,
Grenada,2014,-1.0
Guam,2014,
Guatemala,2014,3.4
Guinea,2014,6.2
Guinea-Bissau,2014,-1.5
Guyana,2014,0.9
Haiti,2014,3.4
Honduras,2014,6.1
Hong Kong SAR,2014,4.3
Hungary,2014,-0.2
Iceland,2014,2.0
India,2014,6.7
Indonesia,2014,6.4
Iran,2014,36.6
Iraq,2014,2.2
Ireland,2014,0.2
Isle of Man,2014,
Israel,2014,0.5
Italy,2014,0.2
Jamaica,2014,8.3
Japan,2014,2.8
Jordan,2014,2.9
Kazakhstan,2014,6.8
Kenya,2014,6.9
Kiribati,2014,2.1
Korea,2014,
Korea,2014,1.3
Kosovo,2014,0.4
Kuwait,2014,2.9
Kyrgyz Republic,2014,7.5
Lao PDR,2014,4.1
Latvia,2014,0.6
Lebanon,2014,1.9
Lesotho,2014,5.4
Liberia,2014,9.9
Libya,2014,2.4
Liechtenstein,2014,
Lithuania,2014,0.1
Luxembourg,2014,0.6
Macao SAR,2014,5.5
North Macedonia,2014,-0.3
Madagascar,2014,6.1
Malawi,2014,23.8
Malaysia,2014,3.1
Maldives,2014,2.1
Mali,2014,0.9
Malta,2014,0.3
Marshall Islands,2014,
Mauritania,2014,3.5
Mauritius,2014,3.2
Mexico,2014,4.0
Micronesia,2014,1.8
Moldova,2014,5.1
Monaco,2014,
Mongolia,2014,12.3
Montenegro,2014,-0.7
Morocco,2014,0.4
Mozambique,2014,2.6
Myanmar,2014,5.0
Namibia,2014,5.4
Nauru,2014,
Nepal,2014,8.4
Netherlands,2014,1.0
New Caledonia,2014,0.2
New Zealand,2014,1.2
Nicaragua,2014,6.0
Niger,2014,-0.9
Nigeria,2014,8.0
Northern Mariana Islands,2014,
Norway,2014,2.0
Oman,2014,1.0
Pakistan,2014,7.2
Palau,2014,4.2
Panama,2014,2.6
Papua New Guinea,2014,5.2
Paraguay,2014,5.0
Peru,2014,3.4
Philippines,2014,3.6
Poland,2014,0.1
Portugal,2014,-0.3
Puerto Rico,2014,
Qatar,2014,3.3
Romania,2014,1.1
Russian Federation,2014,7.8
Rwanda,2014,2.4
Samoa,2014,-0.4
San Marino,2014,1.1
Sao Tome and Principe,2014,7.0
Saudi Arabia,2014,2.2
Senegal,2014,-1.1
Serbia,2014,2.1
Seychelles,2014,1.4
Sierra Leone,2014,4.6
Singapore,2014,1.0
Sint Maarten (Dutch part),2014,1.9
Slovak Republic,2014,-0.1
Slovenia,2014,0.2
Solomon Islands,2014,5.2
Somalia,2014,
South Africa,2014,6.1
South Sudan,2014,1.7
Spain,2014,-0.2
Sri Lanka,2014,3.2
St. Kitts and Nevis,2014,0.2
St. Lucia,2014,3.5
St. Martin (French part),2014,
St. Vincent and the Grenadines,2014,0.2
Sudan,2014,36.9
Suriname,2014,3.4
Eswatini,2014,5.7
Sweden,2014,-0.2
Switzerland,2014,0.0
Syrian Arab Republic,2014,10.9
Tajikistan,2014,6.1
Tanzania,2014,6.1
Thailand,2014,1.9
Timor-Leste,2014,0.8
Togo,2014,0.2
Tonga,2014,2.5
Trinidad and Tobago,2014,5.7
Tunisia,2014,4.6
Turkiye,2014,8.9
Turkmenistan,2014,
Turks and Caicos Islands,2014,
Tuvalu,2014,
Uganda,2014,3.1
Ukraine,2014,12.1
United Arab Emirates,2014,2.3
United Kingdom,2014,1.5
United States,2014,1.6
Uruguay,2014,8.9
Uzbekistan,2014,9.3
Vanuatu,2014,0.8
Venezuela,2014,40.6
Viet Nam,2014,4.1
Virgin Islands (U.S.),2014,
West Bank and Gaza,2014,1.7
Yemen,2014,11.0
Zambia,2014,7.8
Zimbabwe,2014,-0.2
Created from: World Development Indicators,2014,
Afghanistan,2015,-0.7
Albania,2015,1.9
Algeria,2015,4.8
American Samoa,2015,
Andorra,2015,
Angola,2015,9.4
Antigua and Barbuda,2015,1.0
Argentina,2015,
Armenia,2015,3.7
Aruba,2015,0.5
Australia,2015,1.5
Austria,2015,0.9
Azerbaijan,2015,4.0
Bahamas,2015,1.5
Bahrain,2015,1.8
Bangladesh,2015,6.2
Barbados,2015,-1.1
Belarus,2015,13.5
Belgium,2015,0.6
Belize,2015,-0.9
Benin,2015,0.2
Bermuda,2015,
Bhutan,2015,4.5
Bolivia,2015,4.1
Bosnia and Herzegovina,2015,-1.0
Botswana,2015,3.1
Brazil,2015,9.0
British Virgin Islands,2015,
Brunei Darussalam,2015,-0.5
Bulgaria,2015,-0.1
Burkina Faso,2015,0.7
Burundi,2015,5.5
Cabo Verde,2015,0.1
Cambodia,2015,1.2
Cameroon,2015,2.7
Canada,2015,1.1
Cayman Islands,2015,-2.3
Central African Republic,2015,1.4
Chad,2015,4.4
Channel Islands,2015,
Chile,2015,4.3
China,2015,1.4
Colombia,2015,5.0
Comoros,2015,
Congo,2015,1.2
Congo,2015,0.9
Costa Rica,2015,0.8
Cote d'Ivoire,2015,1.3
Croatia,2015,-0.5
Cuba,2015,
Curacao,2015,-0.5
Cyprus,2015,-2.1
Czechia,2015,0.3
Denmark,2015,0.5
Djibouti,2015,-0.8
Dominica,2015,-0.8
Dominican Republic,2015,0.8
Ecuador,2015,4.0
Egypt,2015,10.1
El Salvador,2015,-0.7
Equatorial Guinea,2015,1.7
Eritrea,2015,
Estonia,2015,-0.5
Ethiopia,2015,9.6
Faroe Islands,2015,
Fiji,2015,1.4
Finland,2015,-0.2
France,2015,0.0
French Polynesia,2015,
Gabon,2015,-0.3
Gambia,2015,5.9
Georgia,2015,4.0
Germany,2015,0.5
Ghana,2015,17.1
Gibraltar,2015,
Greece,2015,-1.7
Greenland,2015,
Grenada,2015,-0.5
Guam,2015,
Guatemala,2015,2.4
Guinea,2015,11.8
Guinea-Bissau,2015,1.5
Guyana,2015,-1.0
Haiti,2015,6.7
Honduras,2015,3.2
Hong Kong SAR,2015,4.4
Hungary,2015,-0.1
Iceland,2015,1.6
India,2015,4.9
Indonesia,2015,6.4
Iran,2015,16.6
Iraq,2015,1.4
Ireland,2015,-0.3
Isle of Man,2015,
Israel,2015,-0.6
Italy,2015,0.0
Jamaica,2015,3.7
Japan,2015,0.8
Jordan,2015,-0.9
Kazakhstan,2015,6.7
Kenya,2015,6.6
Kiribati,2015,0.6
Korea,2015,
Korea,2015,1.3
Kosovo,2015,-0.5
Kuwait,2015,3.3
Kyrgyz Republic,2015,6.5
Lao PDR,2015,1.3
Latvia,2015,0.2
Lebanon,2015,-3.7
Lesotho,2015,3.2
Liberia,2015,7.7
Libya,2015,10.4
Liechtenstein,2015,
Lithuania,2015,-0.9
Luxembourg,2015,0.5
Macao SAR,2015,6.0
North Macedonia,2015,-0.3
Madagascar,2015,7.4
Malawi,2015,21.9
Malaysia,2015,2.1
Maldives,2015,1.0
Mali,2015,1.5
Malta,2015,1.1
Marshall Islands,2015,
Mauritania,2015,3.3
Mauritius,2015,1.3
Mexico,2015,2.7
Micronesia,2015,0.7
Moldova,2015,9.7
Monaco,2015,
Mongolia,2015,5.7
Montenegro,2015,1.5
Morocco,2015,1.6
Mozambique,2015,3.6
Myanmar,2015,9.5
Namibia,2015,3.4
Nauru,2015,
Nepal,2015,7.9
Netherlands,2015,0.6
New Caledonia,2015,0.6
New Zealand,2015,0.3
Nicaragua,2015,4.0
Niger,2015,-0.6
Nigeria,2015,9.0
Northern Mariana Islands,2015,
Norway,2015,2.2
Oman,2015,0.1
Pakistan,2015,2.5
Palau,2015,0.9
Panama,2015,0.1
Papua New Guinea,2015,6.0
Paraguay,2015,3.1
Peru,2015,3.4
Philippines,2015,0.7
Poland,2015,-0.9
Portugal,2015,0.5
Puerto Rico,2015,
Qatar,2015,1.8
Romania,2015,-0.6
Russian Federation,2015,15.5
Rwanda,2015,2.5
Samoa,2015,0.7
San Marino,2015,0.1
Sao Tome and Principe,2015,5.2
Saudi Arabia,2015,1.2
Senegal,2015,0.1
Serbia,2015,1.4
Seychelles,2015,4.0
Sierra Leone,2015,6.7
Singapore,2015,-0.5
Sint Maarten (Dutch part),2015,0.3
Slovak Republic,2015,-0.3
Slovenia,2015,-0.5
Solomon Islands,2015,-0.6
Somalia,2015,
South Africa,2015,4.5
South Sudan,2015,52.8
Spain,2015,-0.5
Sri Lanka,2015,3.8
St. Kitts and Nevis,2015,-2.3
St. Lucia,2015,-1.0
St. Martin (French part),2015,
St. Vincent and the Grenadines,2015,-1.7
Sudan,2015,16.9
Suriname,2015,6.9
Eswatini,2015,5.0
Sweden,2015,0.0
Switzerland,2015,-1.1
Syrian Arab Republic,2015,38.5
Tajikistan,2015,5.7
Tanzania,2015,5.6
Thailand,2015,-0.9
Timor-Leste,2015,0.6
Togo,2015,2.6
Tonga,2015,-1.1
Trinidad and Tobago,2015,4.7
Tunisia,2015,4.4
Turkiye,2015,7.7
Turkmenistan,2015,
Turks and Caicos Islands,2015,
Tuvalu,2015,
Uganda,2015,5.6
Ukraine,2015,48.7
United Arab Emirates,2015,4.1
United Kingdom,2015,0.4
United States,2015,0.1
Uruguay,2015,8.7
Uzbekistan,2015,8.8
Vanuatu,2015,2.5
Venezuela,2015,62.2
Viet Nam,2015,0.6
Virgin Islands (U.S.),2015,
West Bank and Gaza,2015,1.4
Yemen,2015,8.1
Zambia,2015,10.1
Zimbabwe,2015,-2.4
Created from: World Development Indicators,2015,
Afghanistan,2016,4.4
Albania,2016,1.3
Algeria,2016,6.4
American Samoa,2016,
Andorra,2016,
Angola,2016,30.7
Antigua and Barbuda,2016,-0.5
Argentina,2016,
Armenia,2016,-1.4
Aruba,2016,-0.9
Australia,2016,1.3
Austria,2016,0.9
Azerbaijan,2016,12.4
Bahamas,2016,1.9
Bahrain,2016,2.8
Bangladesh,2016,5.5
Barbados,2016,1.3
Belarus,2016,11.8
Belgium,2016,2.0
Belize,2016,0.7
Benin,2016,-0.8
Bermuda,2016,
Bhutan,2016,3.2
Bolivia,2016,3.6
Bosnia and Herzegovina,2016,-1.6
Botswana,2016,2.8
Brazil,2016,8.7
British Virgin Islands,2016,
Brunei Darussalam,2016,-0.3
Bulgaria,2016,-0.8
Burkina Faso,2016,0.4
Burundi,2016,5.6
Cabo Verde,2016,-1.4
Cambodia,2016,3.0
Cameroon,2016,0.9
Canada,2016,1.4
Cayman Islands,2016,-0.6
Central African Republic,2016,4.9
Chad,2016,-0.8
Channel Islands,2016,
Chile,2016,3.8
China,2016,2.0
Colombia,2016,7.5
Comoros,2016,
Congo,2016,0.7
Congo,2016,3.2
Costa Rica,2016,0.0
Cote d'Ivoire,2016,0.7
Croatia,2016,-1.1
Cuba,2016,
Curacao,2016,0.0
Cyprus,2016,-1.4
Czechia,2016,0.7
Denmark,2016,0.3
Djibouti,2016,2.7
Dominica,2016,0.1
Dominican Republic,2016,1.6
Ecuador,2016,1.7
Egypt,2016,10.4
El Salvador,2016,0.6
Equatorial Guinea,2016,1.4
Eritrea,2016,
Estonia,2016,0.1
Ethiopia,2016,6.6
Faroe Islands,2016,
Fiji,2016,3.9
Finland,2016,0.4
France,2016,0.2
French Polynesia,2016,
Gabon,2016,2.1
Gambia,2016,6.8
Georgia,2016,2.1
Germany,2016,0.5
Ghana,2016,17.5
Gibraltar,2016,
Greece,2016,-0.8
Greenland,2016,
Grenada,2016,1.7
Guam,2016,
Guatemala,2016,4.4
Guinea,2016,8.2
Guinea-Bissau,2016,1.5
Guyana,2016,0.8
Haiti,2016,11.5
Honduras,2016,2.7
Hong Kong SAR,2016,3.0
Hungary,2016,0.4
Iceland,2016,1.7
India,2016,4.9
Indonesia,2016,3.5
Iran,2016,12.5
Iraq,2016,0.6
Ireland,2016,0.0
Isle of Man,2016,
Israel,2016,-0.6
Italy,2016,-0.1
Jamaica,2016,2.4
Japan,2016,-0.1
Jordan,2016,-0.8
Kazakhstan,2016,14.4
Kenya,2016,6.3
Kiribati,2016,1.9
Korea,2016,
Korea,2016,0.7
Kosovo,2016,0.3
Kuwait,2016,3.2
Kyrgyz Republic,2016,0.4
Lao PDR,2016,1.6
Latvia,2016,0.1
Lebanon,2016,-0.8
Lesotho,2016,6.6
Liberia,2016,8.8
Libya,2016,25.9
Liechtenstein,2016,
Lithuania,2016,0.9
Luxembourg,2016,0.3
Macao SAR,2016,4.6
North Macedonia,2016,-0.2
Madagascar,2016,6.0
Malawi,2016,21.7
Malaysia,2016,2.1
Maldives,2016,0.5
Mali,2016,-1.8
Malta,2016,0.6
Marshall Islands,2016,
Mauritania,2016,1.5
Mauritius,2016,1.0
Mexico,2016,2.8
Micronesia,2016,-0.3
Moldova,2016,6.4
Monaco,2016,
Mongolia,2016,0.7
Montenegro,2016,-0.3
Morocco,2016,1.6
Mozambique,2016,17.4
Myanmar,2016,6.9
Namibia,2016,6.7
Nauru,2016,
Nepal,2016,8.8
Netherlands,2016,0.3
New Caledonia,2016,0.6
New Zealand,2016,0.6
Nicaragua,2016,3.5
Niger,2016,1.7
Nigeria,2016,15.7
Northern Mariana Islands,2016,
Norway,2016,3.5
Oman,2016,1.1
Pakistan,2016,3.8
Palau,2016,-1.0
Panama,2016,0.7
Papua New Guinea,2016,6.7
Paraguay,2016,4.1
Peru,2016,3.6
Philippines,2016,1.3
Poland,2016,-0.7
Portugal,2016,0.6
Puerto Rico,2016,
Qatar,2016,2.7
Romania,2016,-1.5
Russian Federation,2016,7.0
Rwanda,2016,7.2
Samoa,2016,1.3
San Marino,2016,0.6
Sao Tome and Principe,2016,5.4
Saudi Arabia,2016,2.1
Senegal,2016,0.8
Serbia,2016,1.1
Seychelles,2016,-1.0
Sierra Leone,2016,10.9
Singapore,2016,-0.5
Sint Maarten (Dutch part),2016,0.1
Slovak Republic,2016,-0.5
Slovenia,2016,-0.1
Solomon Islands,2016,0.5
Somalia,2016,
South Africa,2016,6.6
South Sudan,2016,380.0
Spain,2016,-0.2
Sri Lanka,2016,4.0
St. Kitts and Nevis,2016,-0.7
St. Lucia,2016,-3.1
St. Martin (French part),2016,
St. Vincent and the Grenadines,2016,-0.1
Sudan,2016,17.8
Suriname,2016,55.4
Eswatini,2016,7.8
Sweden,2016,1.0
Switzerland,2016,-0.4
Syrian Arab Republic,2016,47.7
Tajikistan,2016,6.0
Tanzania,2016,5.2
Thailand,2016,0.2
Timor-Leste,2016,-1.5
Togo,2016,1.3
Tonga,2016,2.6
Trinidad and Tobago,2016,3.1
Tunisia,2016,3.6
Turkiye,2016,7.8
Turkmenistan,2016,
Turks and Caicos Islands,2016,
Tuvalu,2016,
Uganda,2016,5.7
Ukraine,2016,13.9
United Arab Emirates,2016,1.6
United Kingdom,2016,1.0
United States,2016,1.3
Uruguay,2016,9.6
Uzbekistan,2016,8.1
Vanuatu,2016,0.8
Venezuela,2016,121.7
Viet Nam,2016,2.7
Virgin Islands (U.S.),2016,
West Bank and Gaza,2016,-0.2
Yemen,2016,
Zambia,2016,17.9
Zimbabwe,2016,-1.5
Created from: World Development Indicators,2016,
Afghanistan,2017,5.0
Albania,2017,2.0
Algeria,2017,5.6
American Samoa,2017,
Andorra,2017,
Angola,2017,29.8
Antigua and Barbuda,2017,2.4
Argentina,2017,
Armenia,2017,1.0
Aruba,2017,-1.0
Australia,2017,1.9
Austria,2017,2.1
Azerbaijan,2017,12.9
Bahamas,2017,-0.3
Bahrain,2017,1.4
Bangladesh,2017,5.7
Barbados,2017,4.7
Belarus,2017,6.0
Belgium,2017,2.1
Belize,2017,1.1
Benin,2017,0.0
Bermuda,2017,
Bhutan,2017,5.0
Bolivia,2017,2.8
Bosnia and Herzegovina,2017,0.8
Botswana,2017,3.3
Brazil,2017,3.4
British Virgin Islands,2017,
Brunei Darussalam,2017,-1.3
Bulgaria,2017,2.1
Burkina Faso,2017,1.5
Burundi,2017,16.1
Cabo Verde,2017,0.8
Cambodia,2017,2.9
Cameroon,2017,0.6
Canada,2017,1.6
Cayman Islands,2017,
Central African Republic,2017,4.2
Chad,2017,-1.5
Channel Islands,2017,
Chile,2017,2.2
China,2017,1.6
Colombia,2017,4.3
Comoros,2017,
Congo,2017,2.9
Congo,2017,3.2
Costa Rica,2017,1.6
Cote d'Ivoire,2017,0.7
Croatia,2017,1.1
Cuba,2017,
Curacao,2017,1.6
Cyprus,2017,0.5
Czechia,2017,2.5
Denmark,2017,1.1
Djibouti,2017,0.6
Dominica,2017,0.3
Dominican Republic,2017,3.3
Ecuador,2017,0.4
Egypt,2017,13.8
El Salvador,2017,1.0
Equatorial Guinea,2017,0.7
Eritrea,2017,
Estonia,2017,3.4
Ethiopia,2017,10.7
Faroe Islands,2017,
Fiji,2017,3.3
Finland,2017,0.8
France,2017,1.0
French Polynesia,2017,
Gabon,2017,2.7
Gambia,2017,7.2
Georgia,2017,6.0
Germany,2017,1.5
Ghana,2017,12.4
Gibraltar,2017,
Greece,2017,1.1
Greenland,2017,
Grenada,2017,0.9
Guam,2017,
Guatemala,2017,4.4
Guinea,2017,8.9
Guinea-Bissau,2017,1.7
Guyana,2017,1.9
Haiti,2017,10.7
Honduras,2017,3.9
Hong Kong SAR,2017,2.4
Hungary,2017,2.3
Iceland,2017,1.8
India,2017,3.3
Indonesia,2017,3.8
Iran,2017,7.2
Iraq,2017,0.2
Ireland,2017,0.4
Isle of Man,2017,
Israel,2017,0.3
Italy,2017,1.2
Jamaica,2017,4.4
Japan,2017,0.5
Jordan,2017,3.3
Kazakhstan,2017,7.4
Kenya,2017,8.0
Kiribati,2017,0.4
Korea,2017,
Korea,2017,1.0
Kosovo,2017,1.5
Kuwait,2017,2.2
Kyrgyz Republic,2017,3.2
Lao PDR,2017,0.8
Latvia,2017,2.9
Lebanon,2017,4.3
Lesotho,2017,4.4
Liberia,2017,12.4
Libya,2017,25.8
Liechtenstein,2017,
Lithuania,2017,3.7
Luxembourg,2017,1.7
Macao SAR,2017,2.4
North Macedonia,2017,1.4
Madagascar,2017,8.6
Malawi,2017,11.5
Malaysia,2017,3.9
Maldives,2017,2.8
Mali,2017,1.8
Malta,2017,1.4
Marshall Islands,2017,
Mauritania,2017,2.3
Mauritius,2017,3.7
Mexico,2017,6.0
Micronesia,2017,-1.0
Moldova,2017,6.6
Monaco,2017,
Mongolia,2017,4.3
Montenegro,2017,2.4
Morocco,2017,0.8
Mozambique,2017,15.1
Myanmar,2017,4.6
Namibia,2017,6.1
Nauru,2017,
Nepal,2017,3.6
Netherlands,2017,1.4
New Caledonia,2017,
New Zealand,2017,1.9
Nicaragua,2017,3.9
Niger,2017,2.8
Nigeria,2017,16.5
Northern Mariana Islands,2017,
Norway,2017,1.9
Oman,2017,1.6
Pakistan,2017,4.1
Palau,2017,1.4
Panama,2017,0.9
Papua New Guinea,2017,5.4
Paraguay,2017,3.6
Peru,2017,3.0
Philippines,2017,2.9
Poland,2017,2.1
Portugal,2017,1.4
Puerto Rico,2017,
Qatar,2017,0.4
Romania,2017,1.3
Russian Federation,2017,3.7
Rwanda,2017,8.3
Samoa,2017,1.7
San Marino,2017,1.0
Sao Tome and Principe,2017,5.7
Saudi Arabia,2017,-0.8
Senegal,2017,1.3
Serbia,2017,3.1
Seychelles,2017,2.9
Sierra Leone,2017,18.2
Singapore,2017,0.6
Sint Maarten (Dutch part),2017,2.2
Slovak Republic,2017,1.3
Slovenia,2017,1.4
Solomon Islands,2017,0.5
Somalia,2017,
South Africa,2017,5.2
South Sudan,2017,187.9
Spain,2017,2.0
Sri Lanka,2017,7.7
St. Kitts and Nevis,2017,0.7
St. Lucia,2017,0.1
St. Martin (French part),2017,
St. Vincent and the Grenadines,2017,2.2
Sudan,2017,32.4
Suriname,2017,22.0
Eswatini,2017,6.2
Sweden,2017,1.8
Switzerland,2017,0.5
Syrian Arab Republic,2017,18.1
Tajikistan,2017,
Tanzania,2017,5.3
Thailand,2017,0.7
Timor-Leste,2017,0.5
Togo,2017,-1.0
Tonga,2017,7.5
Trinidad and Tobago,2017,1.9
Tunisia,2017,5.3
Turkiye,2017,11.1
Turkmenistan,2017,
Turks and Caicos Islands,2017,
Tuvalu,2017,
Uganda,2017,5.2
Ukraine,2017,14.4
United Arab Emirates,2017,2.0
United Kingdom,2017,2.6
United States,2017,2.1
Uruguay,2017,6.2
Uzbekistan,2017,13.9
Vanuatu,2017,3.1
Venezuela,2017,254.9
Viet Nam,2017,3.5
Virgin Islands (U.S.),2017,
West Bank and Gaza,2017,0.2
Yemen,2017,
Zambia,2017,6.6
Zimbabwe,2017,0.9
Created from: World Development Indicators,2017,
Afghanistan,2018,0.6
Albania,2018,2.0
Algeria,2018,4.3
American Samoa,2018,
Andorra,2018,
Angola,2018,19.6
Antigua and Barbuda,2018,1.2
Argentina,2018,
Armenia,2018,2.5
Aruba,2018,3.6
Australia,2018,1.9
Austria,2018,2.0
Azerbaijan,2018,2.3
Bahamas,2018,1.5
Bahrain,2018,2.1
Bangladesh,2018,5.5
Barbados,2018,3.7
Belarus,2018,4.9
Belgium,2018,2.1
Belize,2018,0.3
Benin,2018,0.9
Bermuda,2018,
Bhutan,2018,2.7
Bolivia,2018,2.3
Bosnia and Herzegovina,2018,1.4
Botswana,2018,3.2
Brazil,2018,3.7
British Virgin Islands,2018,
Brunei Darussalam,2018,1.0
Bulgaria,2018,2.8
Burkina Faso,2018,2.0
Burundi,2018,-2.8
Cabo Verde,2018,1.3
Cambodia,2018,2.5
Cameroon,2018,1.1
Canada,2018,2.3
Cayman Islands,2018,
Central African Republic,2018,1.6
Chad,2018,4.3
Channel Islands,2018,
Chile,2018,2.4
China,2018,2.1
Colombia,2018,3.2
Comoros,2018,
Congo,2018,
Congo,2018,0.5
Costa Rica,2018,2.2
Cote d'Ivoire,2018,0.4
Croatia,2018,1.5
Cuba,2018,
Curacao,2018,2.6
Cyprus,2018,1.4
Czechia,2018,2.1
Denmark,2018,0.8
Djibouti,2018,0.1
Dominica,2018,1.0
Dominican Republic,2018,3.6
Ecuador,2018,-0.2
Egypt,2018,29.5
El Salvador,2018,1.1
Equatorial Guinea,2018,1.1
Eritrea,2018,
Estonia,2018,3.4
Ethiopia,2018,13.8
Faroe Islands,2018,
Fiji,2018,4.1
Finland,2018,1.1
France,2018,1.9
French Polynesia,2018,
Gabon,2018,4.7
Gambia,2018,8.0
Georgia,2018,2.6
Germany,2018,1.7
Ghana,2018,7.8
Gibraltar,2018,
Greece,2018,0.6
Greenland,2018,
Grenada,2018,0.8
Guam,2018,
Guatemala,2018,3.8
Guinea,2018,9.8
Guinea-Bissau,2018,0.4
Guyana,2018,1.3
Haiti,2018,12.5
Honduras,2018,4.3
Hong Kong SAR,2018,1.5
Hungary,2018,2.9
Iceland,2018,2.7
India,2018,3.9
Indonesia,2018,3.2
Iran,2018,8.0
Iraq,2018,0.4
Ireland,2018,0.5
Isle of Man,2018,
Israel,2018,0.8
Italy,2018,1.1
Jamaica,2018,3.7
Japan,2018,1.0
Jordan,2018,4.5
Kazakhstan,2018,6.2
Kenya,2018,4.7
Kiribati,2018,0.6
Korea,2018,
Korea,2018,1.9
Kosovo,2018,1.1
Kuwait,2018,0.5
Kyrgyz Republic,2018,1.5
Lao PDR,2018,2.0
Latvia,2018,2.5
Lebanon,2018,6.1
Lesotho,2018,4.8
Liberia,2018,23.6
Libya,2018,13.2
Liechtenstein,2018,
Lithuania,2018,2.7
Luxembourg,2018,1.5
Macao SAR,2018,1.2
North Macedonia,2018,1.5
Madagascar,2018,8.6
Malawi,2018,12.4
Malaysia,2018,0.9
Maldives,2018,-0.1
Mali,2018,0.3
Malta,2018,1.2
Marshall Islands,2018,
Mauritania,2018,3.1
Mauritius,2018,3.2
Mexico,2018,4.9
Micronesia,2018,0.6
Moldova,2018,3.0
Monaco,2018,
Mongolia,2018,6.8
Montenegro,2018,2.6
Morocco,2018,1.8
Mozambique,2018,3.9
Myanmar,2018,6.9
Namibia,2018,4.3
Nauru,2018,
Nepal,2018,4.1
Netherlands,2018,1.7
New Caledonia,2018,
New Zealand,2018,1.6
Nicaragua,2018,4.9
Niger,2018,3.0
Nigeria,2018,12.1
Northern Mariana Islands,2018,
Norway,2018,2.8
Oman,2018,0.9
Pakistan,2018,5.1
Palau,2018,2.1
Panama,2018,0.8
Papua New Guinea,2018,4.4
Paraguay,2018,4.0
Peru,2018,1.5
Philippines,2018,5.3
Poland,2018,1.8
Portugal,2018,1.0
Puerto Rico,2018,
Qatar,2018,0.3
Romania,2018,4.6
Russian Federation,2018,2.9
Rwanda,2018,-0.3
Samoa,2018,4.2
San Marino,2018,
Sao Tome and Principe,2018,7.9
Saudi Arabia,2018,2.5
Senegal,2018,0.5
Serbia,2018,2.0
Seychelles,2018,3.7
Sierra Leone,2018,16.0
Singapore,2018,0.4
Sint Maarten (Dutch part),2018,
Slovak Republic,2018,2.5
Slovenia,2018,1.7
Solomon Islands,2018,3.5
Somalia,2018,
South Africa,2018,4.5
South Sudan,2018,83.5
Spain,2018,1.7
Sri Lanka,2018,2.1
St. Kitts and Nevis,2018,-1.0
St. Lucia,2018,1.9
St. Martin (French part),2018,
St. Vincent and the Grenadines,2018,2.3
Sudan,2018,63.3
Suriname,2018,
Eswatini,2018,4.8
Sweden,2018,2.0
Switzerland,2018,0.9
Syrian Arab Republic,2018,0.9
Tajikistan,2018,
Tanzania,2018,3.5
Thailand,2018,1.1
Timor-Leste,2018,2.3
Togo,2018,0.9
Tonga,2018,5.0
Trinidad and Tobago,2018,1.0
Tunisia,2018,7.3
Turkiye,2018,16.3
Turkmenistan,2018,
Turks and Caicos Islands,2018,
Tuvalu,2018,
Uganda,2018,2.6
Ukraine,2018,11.0
United Arab Emirates,2018,3.1
United Kingdom,2018,2.3
United States,2018,2.4
Uruguay,2018,7.6
Uzbekistan,2018,17.5
Vanuatu,2018,2.3
Venezuela,2018,
Viet Nam,2018,3.5
Virgin Islands (U.S.),2018,
West Bank and Gaza,2018,-0.2
Yemen,2018,
Zambia,2018,7.5
Zimbabwe,2018,10.6
Created from: World Development Indicators,2018,
Afghanistan,2019,2.3
Albania,2019,1.4
Algeria,2019,2.0
American Samoa,2019,
Andorra,2019,
Angola,2019,17.1
Antigua and Barbuda,2019,1.4
Argentina,2019,
Armenia,2019,1.4
Aruba,2019,4.3
Australia,2019,1.6
Austria,2019,1.5
Azerbaijan,2019,2.6
Bahamas,2019,2.3
Bahrain,2019,1.0
Bangladesh,2019,5.6
Barbados,2019,4.1
Belarus,2019,5.6
Belgium,2019,1.4
Belize,2019,0.2
Benin,2019,0.7
Bermuda,2019,
Bhutan,2019,2.7
Bolivia,2019,1.8
Bosnia and Herzegovina,2019,0.6
Botswana,2019,2.8
Brazil,2019,3.7
British Virgin Islands,2019,
Brunei Darussalam,2019,-0.4
Bulgaria,2019,3.1
Burkina Faso,2019,-3.2
Burundi,2019,-0.7
Cabo Verde,2019,1.1
Cambodia,2019,1.9
Cameroon,2019,2.5
Canada,2019,1.9
Cayman Islands,2019,
Central African Republic,2019,2.7
Chad,2019,-1.0
Channel Islands,2019,
Chile,2019,2.6
China,2019,2.9
Colombia,2019,3.5
Comoros,2019,
Congo,2019,
Congo,2019,1.2
Costa Rica,2019,2.1
Cote d'Ivoire,2019,-1.1
Croatia,2019,0.8
Cuba,2019,
Curacao,2019,2.6
Cyprus,2019,0.3
Czechia,2019,2.8
Denmark,2019,0.8
Djibouti,2019,3.3
Dominica,2019,1.5
Dominican Republic,2019,1.8
Ecuador,2019,0.3
Egypt,2019,14.4
El Salvador,2019,0.1
Equatorial Guinea,2019,1.5
Eritrea,2019,
Estonia,2019,2.3
Ethiopia,2019,15.8
Faroe Islands,2019,
Fiji,2019,1.8
Finland,2019,1.0
France,2019,1.1
French Polynesia,2019,
Gabon,2019,2.5
Gambia,2019,6.5
Georgia,2019,4.9
Germany,2019,1.4
Ghana,2019,7.1
Gibraltar,2019,
Greece,2019,0.3
Greenland,2019,
Grenada,2019,0.6
Guam,2019,
Guatemala,2019,3.7
Guinea,2019,9.5
Guinea-Bissau,2019,0.2
Guyana,2019,2.1
Haiti,2019,18.7
Honduras,2019,4.4
Hong Kong SAR,2019,2.4
Hungary,2019,3.3
Iceland,2019,3.0
India,2019,3.7
Indonesia,2019,3.0
Iran,2019,18.0
Iraq,2019,-0.2
Ireland,2019,0.9
Isle of Man,2019,
Israel,2019,0.8
Italy,2019,0.6
Jamaica,2019,3.9
Japan,2019,0.5
Jordan,2019,0.8
Kazakhstan,2019,5.3
Kenya,2019,5.2
Kiribati,2019,-1.8
Korea,2019,
Korea,2019,1.5
Kosovo,2019,2.7
Kuwait,2019,1.1
Kyrgyz Republic,2019,1.1
Lao PDR,2019,3.3
Latvia,2019,2.8
Lebanon,2019,3.0
Lesotho,2019,5.2
Liberia,2019,27.0
Libya,2019,-2.2
Liechtenstein,2019,
Lithuania,2019,2.3
Luxembourg,2019,1.7
Macao SAR,2019,3.0
North Macedonia,2019,0.8
Madagascar,2019,5.6
Malawi,2019,9.4
Malaysia,2019,0.7
Maldives,2019,0.2
Mali,2019,-1.7
Malta,2019,1.6
Marshall Islands,2019,
Mauritania,2019,2.3
Mauritius,2019,0.4
Mexico,2019,3.6
Micronesia,2019,1.5
Moldova,2019,4.8
Monaco,2019,
Mongolia,2019,7.3
Montenegro,2019,0.4
Morocco,2019,0.3
Mozambique,2019,2.8
Myanmar,2019,8.8
Namibia,2019,3.7
Nauru,2019,
Nepal,2019,5.6
Netherlands,2019,2.6
New Caledonia,2019,
New Zealand,2019,1.6
Nicaragua,2019,5.4
Niger,2019,-2.5
Nigeria,2019,11.4
Northern Mariana Islands,2019,
Norway,2019,2.2
Oman,2019,0.5
Pakistan,2019,10.6
Palau,2019,0.3
Panama,2019,-0.4
Papua New Guinea,2019,3.9
Paraguay,2019,2.8
Peru,2019,2.3
Philippines,2019,2.4
Poland,2019,2.2
Portugal,2019,0.3
Puerto Rico,2019,
Qatar,2019,-0.7
Romania,2019,3.8
Russian Federation,2019,4.5
Rwanda,2019,3.3
Samoa,2019,1.0
San Marino,2019,
Sao Tome and Principe,2019,7.7
Saudi Arabia,2019,-2.1
Senegal,2019,1.8
Serbia,2019,1.8
Seychelles,2019,1.8
Sierra Leone,2019,14.8
Singapore,2019,0.6
Sint Maarten (Dutch part),2019,
Slovak Republic,2019,2.7
Slovenia,2019,1.6
Solomon Islands,2019,1.6
Somalia,2019,
South Africa,2019,4.1
South Sudan,2019,87.2
Spain,2019,0.7
Sri Lanka,2019,3.5
St. Kitts and Nevis,2019,-0.3
St. Lucia,2019,0.5
St. Martin (French part),2019,
St. Vincent and the Grenadines,2019,0.9
Sudan,2019,51.0
Suriname,2019,
Eswatini,2019,2.6
Sweden,2019,1.8
Switzerland,2019,0.4
Syrian Arab Republic,2019,13.4
Tajikistan,2019,
Tanzania,2019,3.5
Thailand,2019,0.7
Timor-Leste,2019,1.0
Togo,2019,0.7
Tonga,2019,1.2
Trinidad and Tobago,2019,1.0
Tunisia,2019,6.7
Turkiye,2019,15.2
Turkmenistan,2019,
Turks and Caicos Islands,2019,
Tuvalu,2019,
Uganda,2019,2.9
Ukraine,2019,7.9
United Arab Emirates,2019,-1.9
United Kingdom,2019,1.7
United States,2019,1.8
Uruguay,2019,7.9
Uzbekistan,2019,14.5
Vanuatu,2019,2.8
Venezuela,2019,
Viet Nam,2019,2.8
Virgin Islands (U.S.),2019,
West Bank and Gaza,2019,1.6
Yemen,2019,
Zambia,2019,9.2
Zimbabwe,2019,255.3
Created from: World Development Indicators,2019,
Afghanistan,2020,
Albania,2020,1.6
Algeria,2020,2.4
American Samoa,2020,
Andorra,2020,
Angola,2020,22.3
Antigua and Barbuda,2020,0.6
Argentina,2020,
Armenia,2020,1.2
Aruba,2020,
Australia,2020,0.8
Austria,2020,1.4
Azerbaijan,2020,2.8
Bahamas,2020,
Bahrain,2020,-2.3
Bangladesh,2020,5.7
Barbados,2020,
Belarus,2020,5.5
Belgium,2020,0.7
Belize,2020,0.1
Benin,2020,3.0
Bermuda,2020,
Bhutan,2020,5.6
Bolivia,2020,0.9
Bosnia and Herzegovina,2020,-1.1
Botswana,2020,1.9
Brazil,2020,3.2
British Virgin Islands,2020,
Brunei Darussalam,2020,1.9
Bulgaria,2020,1.7
Burkina Faso,2020,1.9
Burundi,2020,7.3
Cabo Verde,2020,0.6
Cambodia,2020,2.9
Cameroon,2020,2.4
Canada,2020,0.7
Cayman Islands,2020,
Central African Republic,2020,1.7
Chad,2020,4.5
Channel Islands,2020,
Chile,2020,3.0
China,2020,2.4
Colombia,2020,2.5
Comoros,2020,
Congo,2020,
Congo,2020,
Costa Rica,2020,0.7
Cote d'Ivoire,2020,2.4
Croatia,2020,0.2
Cuba,2020,
Curacao,2020,
Cyprus,2020,-0.6
Czechia,2020,3.2
Denmark,2020,0.4
Djibouti,2020,1.8
Dominica,2020,-0.7
Dominican Republic,2020,3.8
Ecuador,2020,-0.3
Egypt,2020,
El Salvador,2020,-0.4
Equatorial Guinea,2020,4.8
Eritrea,2020,
Estonia,2020,-0.4
Ethiopia,2020,20.4
Faroe Islands,2020,
Fiji,2020,-2.6
Finland,2020,0.3
France,2020,0.5
French Polynesia,2020,
Gabon,2020,1.4
Gambia,2020,
Georgia,2020,5.2
Germany,2020,0.1
Ghana,2020,9.9
Gibraltar,2020,
Greece,2020,-1.2
Greenland,2020,
Grenada,2020,-0.7
Guam,2020,
Guatemala,2020,3.2
Guinea,2020,10.6
Guinea-Bissau,2020,1.1
Guyana,2020,1.0
Haiti,2020,22.8
Honduras,2020,3.5
Hong Kong SAR,2020,
Hungary,2020,3.3
Iceland,2020,2.8
India,2020,6.6
Indonesia,2020,1.9
Iran,2020,
Iraq,2020,0.6
Ireland,2020,-0.3
Isle of Man,2020,
Israel,2020,-0.6
Italy,2020,-0.1
Jamaica,2020,5.2
Japan,2020,0.0
Jordan,2020,0.3
Kazakhstan,2020,6.7
Kenya,2020,5.4
Kiribati,2020,2.6
Korea,2020,
Korea,2020,
Kosovo,2020,0.2
Kuwait,2020,2.1
Kyrgyz Republic,2020,6.3
Lao PDR,2020,5.1
Latvia,2020,0.2
Lebanon,2020,84.9
Lesotho,2020,5.0
Liberia,2020,17.0
Libya,2020,1.4
Liechtenstein,2020,
Lithuania,2020,1.2
Luxembourg,2020,0.8
Macao SAR,2020,
North Macedonia,2020,1.2
Madagascar,2020,4.2
Malawi,2020,8.6
Malaysia,2020,-1.1
Maldives,2020,-1.4
Mali,2020,0.4
Malta,2020,0.6
Marshall Islands,2020,
Mauritania,2020,2.4
Mauritius,2020,2.6
Mexico,2020,3.4
Micronesia,2020,
Moldova,2020,3.8
Monaco,2020,
Mongolia,2020,3.8
Montenegro,2020,-0.3
Morocco,2020,0.7
Mozambique,2020,3.5
Myanmar,2020,
Namibia,2020,2.2
Nauru,2020,
Nepal,2020,5.1
Netherlands,2020,1.3
New Caledonia,2020,
New Zealand,2020,1.7
Nicaragua,2020,3.7
Niger,2020,2.9
Nigeria,2020,13.2
Northern Mariana Islands,2020,
Norway,2020,1.3
Oman,2020,-0.4
Pakistan,2020,9.7
Palau,2020,0.2
Panama,2020,-1.6
Papua New Guinea,2020,4.9
Paraguay,2020,1.8
Peru,2020,2.0
Philippines,2020,2.4
Poland,2020,3.4
Portugal,2020,0.0
Puerto Rico,2020,
Qatar,2020,-2.5
Romania,2020,2.6
Russian Federation,2020,3.4
Rwanda,2020,9.9
Samoa,2020,-1.6
San Marino,2020,
Sao Tome and Principe,2020,9.8
Saudi Arabia,2020,3.4
Senegal,2020,2.5
Serbia,2020,1.6
Seychelles,2020,1.2
Sierra Leone,2020,13.4
Singapore,2020,-0.2
Sint Maarten (Dutch part),2020,
Slovak Republic,2020,1.9
Slovenia,2020,-0.1
Solomon Islands,2020,3.0
Somalia,2020,
South Africa,2020,3.2
South Sudan,2020,29.7
Spain,2020,-0.3
Sri Lanka,2020,6.2
St. Kitts and Nevis,2020,-1.2
St. Lucia,2020,-1.8
St. Martin (French part),2020,
St. Vincent and the Grenadines,2020,-0.6
Sudan,2020,163.3
Suriname,2020,34.9
Eswatini,2020,
Sweden,2020,0.5
Switzerland,2020,-0.7
Syrian Arab Republic,2020,
Tajikistan,2020,
Tanzania,2020,3.3
Thailand,2020,-0.8
Timor-Leste,2020,0.5
Togo,2020,1.7
Tonga,2020,-0.3
Trinidad and Tobago,2020,0.6
Tunisia,2020,5.6
Turkiye,2020,12.3
Turkmenistan,2020,
Turks and Caicos Islands,2020,
Tuvalu,2020,
Uganda,2020,3.3
Ukraine,2020,2.7
United Arab Emirates,2020,-2.1
United Kingdom,2020,1.0
United States,2020,1.2
Uruguay,2020,9.8
Uzbekistan,2020,12.9
Vanuatu,2020,5.3
Venezuela,2020,
Viet Nam,2020,3.2
Virgin Islands (U.S.),2020,
West Bank and Gaza,2020,-0.7
Yemen,2020,
Zambia,2020,15.7
Zimbabwe,2020,557.2
Created from: World Development Indicators,2020,
Afghanistan,2021,
Albania,2021,2.0
Algeria,2021,7.2
American Samoa,2021,
Andorra,2021,
Angola,2021,25.8
Antigua and Barbuda,2021,2.1
Argentina,2021,
Armenia,2021,7.2
Aruba,2021,
Australia,2021,2.9
Austria,2021,2.8
Azerbaijan,2021,6.7
Bahamas,2021,0.0
Bahrain,2021,-0.6
Bangladesh,2021,5.5
Barbados,2021,
Belarus,2021,9.5
Belgium,2021,2.4
Belize,2021,3.2
Benin,2021,1.7
Bermuda,2021,
Bhutan,2021,7.3
Bolivia,2021,0.7
Bosnia and Herzegovina,2021,2.0
Botswana,2021,7.2
Brazil,2021,8.3
British Virgin Islands,2021,
Brunei Darussalam,2021,1.7
Bulgaria,2021,3.3
Burkina Faso,2021,3.7
Burundi,2021,8.4
Cabo Verde,2021,1.9
Cambodia,2021,2.9
Cameroon,2021,2.3
Canada,2021,3.4
Cayman Islands,2021,
Central African Republic,2021,4.3
Chad,2021,-0.8
Channel Islands,2021,
Chile,2021,4.5
China,2021,1.0
Colombia,2021,3.5
Comoros,2021,
Congo,2021,
Congo,2021,1.8
Costa Rica,2021,1.7
Cote d'Ivoire,2021,4.1
Croatia,2021,2.6
Cuba,2021,
Curacao,2021,
Cyprus,2021,2.4
Czechia,2021,3.8
Denmark,2021,1.9
Djibouti,2021,1.2
Dominica,2021,1.5
Dominican Republic,2021,8.2
Ecuador,2021,0.1
Egypt,2021,5.0
El Salvador,2021,3.5
Equatorial Guinea,2021,-0.1
Eritrea,2021,
Estonia,2021,4.7
Ethiopia,2021,26.8
Faroe Islands,2021,
Fiji,2021,0.2
Finland,2021,2.2
France,2021,1.6
French Polynesia,2021,
Gabon,2021,1.1
Gambia,2021,5.9
Georgia,2021,9.6
Germany,2021,3.1
Ghana,2021,10.0
Gibraltar,2021,
Greece,2021,1.2
Greenland,2021,
Grenada,2021,1.2
Guam,2021,
Guatemala,2021,4.3
Guinea,2021,12.6
Guinea-Bissau,2021,2.2
Guyana,2021,5.0
Haiti,2021,16.8
Honduras,2021,4.5
Hong Kong SAR,2021,0.3
Hungary,2021,5.1
Iceland,2021,4.4
India,2021,5.1
Indonesia,2021,1.6
Iran,2021,30.6
Iraq,2021,6.0
Ireland,2021,2.3
Isle of Man,2021,
Israel,2021,1.5
Italy,2021,1.9
Jamaica,2021,5.9
Japan,2021,-0.2
Jordan,2021,1.3
Kazakhstan,2021,8.0
Kenya,2021,6.1
Kiribati,2021,2.1
Korea,2021,
Korea,2021,0.5
Kosovo,2021,3.4
Kuwait,2021,3.4
Kyrgyz Republic,2021,11.9
Lao PDR,2021,3.8
Latvia,2021,3.3
Lebanon,2021,154.8
Lesotho,2021,6.0
Liberia,2021,7.8
Libya,2021,2.9
Liechtenstein,2021,
Lithuania,2021,4.7
Luxembourg,2021,2.5
Macao SAR,2021,0.8
North Macedonia,2021,3.2
Madagascar,2021,5.8
Malawi,2021,9.3
Malaysia,2021,2.5
Maldives,2021,0.5
Mali,2021,3.9
Malta,2021,1.5
Marshall Islands,2021,
Mauritania,2021,3.6
Mauritius,2021,4.0
Mexico,2021,5.7
Micronesia,2021,0.6
Moldova,2021,5.1
Monaco,2021,
Mongolia,2021,7.4
Montenegro,2021,2.4
Morocco,2021,1.4
Mozambique,2021,6.4
Myanmar,2021,
Namibia,2021,3.6
Nauru,2021,
Nepal,2021,4.1
Netherlands,2021,2.7
New Caledonia,2021,
New Zealand,2021,3.9
Nicaragua,2021,4.9
Niger,2021,3.8
Nigeria,2021,17.0
Northern Mariana Islands,2021,
Norway,2021,3.5
Oman,2021,1.7
Pakistan,2021,9.5
Palau,2021,2.6
Panama,2021,1.6
Papua New Guinea,2021,4.5
Paraguay,2021,4.8
Peru,2021,4.3
Philippines,2021,3.9
Poland,2021,5.1
Portugal,2021,1.3
Puerto Rico,2021,
Qatar,2021,2.3
Romania,2021,5.1
Russian Federation,2021,6.7
Rwanda,2021,-0.4
Samoa,2021,3.1
San Marino,2021,
Sao Tome and Principe,2021,8.1
Saudi Arabia,2021,3.1
Senegal,2021,2.2
Serbia,2021,4.1
Seychelles,2021,9.8
Sierra Leone,2021,11.9
Singapore,2021,2.3
Sint Maarten (Dutch part),2021,
Slovak Republic,2021,3.1
Slovenia,2021,1.9
Solomon Islands,2021,-0.1
Somalia,2021,
South Africa,2021,4.6
South Sudan,2021,10.5
Spain,2021,3.1
Sri Lanka,2021,7.0
St. Kitts and Nevis,2021,1.2
St. Lucia,2021,2.4
St. Martin (French part),2021,
St. Vincent and the Grenadines,2021,1.6
Sudan,2021,359.1
Suriname,2021,59.1
Eswatini,2021,
Sweden,2021,2.2
Switzerland,2021,0.6
Syrian Arab Republic,2021,
Tajikistan,2021,
Tanzania,2021,3.7
Thailand,2021,1.2
Timor-Leste,2021,3.7
Togo,2021,4.2
Tonga,2021,5.6
Trinidad and Tobago,2021,2.1
Tunisia,2021,5.7
Turkiye,2021,19.6
Turkmenistan,2021,
Turks and Caicos Islands,2021,
Tuvalu,2021,
Uganda,2021,2.2
Ukraine,2021,9.4
United Arab Emirates,2021,0.2
United Kingdom,2021,2.5
United States,2021,4.7
Uruguay,2021,7.7
Uzbekistan,2021,10.8
Vanuatu,2021,2.3
Venezuela,2021,
Viet Nam,2021,1.8
Virgin Islands (U.S.),2021,
West Bank and Gaza,2021,1.2
Yemen,2021,
Zambia,2021,22.0
Zimbabwe,2021,98.5
Created from: World Development Indicators,2021,
Afghanistan,2022,
Albania,2022,6.7
Algeria,2022,9.3
American Samoa,2022,
Andorra,2022,
Angola,2022,21.4
Antigua and Barbuda,2022,7.5
Argentina,2022,
Armenia,2022,8.6
Aruba,2022,
Australia,2022,6.6
Austria,2022,8.5
Azerbaijan,2022,13.9
Bahamas,2022,2.9
Bahrain,2022,3.6
Bangladesh,2022,7.7
Barbados,2022,
Belarus,2022,15.2
Belgium,2022,9.6
Belize,2022,6.3
Benin,2022,1.4
Bermuda,2022,
Bhutan,2022,5.6
Bolivia,2022,1.7
Bosnia and Herzegovina,2022,14.0
Botswana,2022,11.7
Brazil,2022,9.3
British Virgin Islands,2022,
Brunei Darussalam,2022,3.7
Bulgaria,2022,15.3
Burkina Faso,2022,14.3
Burundi,2022,18.8
Cabo Verde,2022,7.9
Cambodia,2022,5.3
Cameroon,2022,6.2
Canada,2022,6.8
Cayman Islands,2022,
Central African Republic,2022,5.6
Chad,2022,5.8
Channel Islands,2022,
Chile,2022,11.6
China,2022,2.0
Colombia,2022,10.2
Comoros,2022,
Congo,2022,
Congo,2022,1.7
Costa Rica,2022,8.3
Cote d'Ivoire,2022,5.3
Croatia,2022,10.8
Cuba,2022,
Curacao,2022,
Cyprus,2022,8.4
Czechia,2022,15.1
Denmark,2022,7.7
Djibouti,2022,5.2
Dominica,2022,7.8
Dominican Republic,2022,8.8
Ecuador,2022,3.5
Egypt,2022,5.2
El Salvador,2022,7.2
Equatorial Guinea,2022,4.8
Eritrea,2022,
Estonia,2022,19.4
Ethiopia,2022,33.9
Faroe Islands,2022,
Fiji,2022,4.5
Finland,2022,7.1
France,2022,5.2
French Polynesia,2022,
Gabon,2022,4.2
Gambia,2022,7.4
Georgia,2022,11.9
Germany,2022,6.9
Ghana,2022,31.3
Gibraltar,2022,
Greece,2022,9.6
Greenland,2022,
Grenada,2022,2.6
Guam,2022,
Guatemala,2022,6.9
Guinea,2022,10.5
Guinea-Bissau,2022,9.4
Guyana,2022,6.1
Haiti,2022,34.0
Honduras,2022,9.1
Hong Kong SAR,2022,1.6
Hungary,2022,14.6
Iceland,2022,8.3
India,2022,6.7
Indonesia,2022,4.2
Iran,2022,43.4
Iraq,2022,5.0
Ireland,2022,7.8
Isle of Man,2022,
Israel,2022,4.4
Italy,2022,8.2
Jamaica,2022,10.3
Japan,2022,2.5
Jordan,2022,4.2
Kazakhstan,2022,15.0
Kenya,2022,7.7
Kiribati,2022,5.3
Korea,2022,
Korea,2022,2.5
Kosovo,2022,11.6
Kuwait,2022,4.0
Kyrgyz Republic,2022,13.9
Lao PDR,2022,23.0
Latvia,2022,17.3
Lebanon,2022,171.2
Lesotho,2022,8.3
Liberia,2022,7.6
Libya,2022,4.5
Liechtenstein,2022,
Lithuania,2022,19.7
Luxembourg,2022,6.3
Macao SAR,2022,0.0
North Macedonia,2022,14.2
Madagascar,2022,8.2
Malawi,2022,21.0
Malaysia,2022,3.4
Maldives,2022,2.3
Mali,2022,9.6
Malta,2022,6.2
Marshall Islands,2022,
Mauritania,2022,9.5
Mauritius,2022,10.8
Mexico,2022,7.9
Micronesia,2022,3.2
Moldova,2022,28.7
Monaco,2022,
Mongolia,2022,15.1
Montenegro,2022,13.0
Morocco,2022,6.7
Mozambique,2022,10.3
Myanmar,2022,
Namibia,2022,6.1
Nauru,2022,
Nepal,2022,7.7
Netherlands,2022,10.0
New Caledonia,2022,
New Zealand,2022,7.2
Nicaragua,2022,10.5
Niger,2022,4.2
Nigeria,2022,18.8
Northern Mariana Islands,2022,
Norway,2022,5.8
Oman,2022,2.5
Pakistan,2022,19.9
Palau,2022,12.4
Panama,2022,2.9
Papua New Guinea,2022,5.3
Paraguay,2022,9.8
Peru,2022,8.3
Philippines,2022,5.8
Poland,2022,14.4
Portugal,2022,7.8
Puerto Rico,2022,
Qatar,2022,5.0
Romania,2022,13.8
Russian Federation,2022,
Rwanda,2022,17.7
Samoa,2022,11.0
San Marino,2022,
Sao Tome and Principe,2022,18.0
Saudi Arabia,2022,2.5
Senegal,2022,9.7
Serbia,2022,12.0
Seychelles,2022,2.6
Sierra Leone,2022,27.2
Singapore,2022,6.1
Sint Maarten (Dutch part),2022,
Slovak Republic,2022,12.8
Slovenia,2022,8.8
Solomon Islands,2022,5.5
Somalia,2022,
South Africa,2022,7.0
South Sudan,2022,-6.7
Spain,2022,8.4
Sri Lanka,2022,49.7
St. Kitts and Nevis,2022,2.7
St. Lucia,2022,6.4
St. Martin (French part),2022,
St. Vincent and the Grenadines,2022,5.7
Sudan,2022,138.8
Suriname,2022,52.4
Eswatini,2022,
Sweden,2022,8.4
Switzerland,2022,2.8
Syrian Arab Republic,2022,
Tajikistan,2022,
Tanzania,2022,4.4
Thailand,2022,6.1
Timor-Leste,2022,7.0
Togo,2022,8.0
Tonga,2022,11.0
Trinidad and Tobago,2022,5.8
Tunisia,2022,8.3
Turkiye,2022,72.3
Turkmenistan,2022,
Turks and Caicos Islands,2022,
Tuvalu,2022,
Uganda,2022,7.2
Ukraine,2022,20.2
United Arab Emirates,2022,5.3
United Kingdom,2022,7.9
United States,2022,8.0
Uruguay,2022,9.1
Uzbekistan,2022,11.4
Vanuatu,2022,6.7
Venezuela,2022,
Viet Nam,2022,3.2
Virgin Islands (U.S.),2022,
West Bank and Gaza,2022,3.7
Yemen,2022,
Zambia,2022,11.0
Zimbabwe,2022,104.7
Created from: World Development Indicators,2022,
Afghanistan,2023,
Albania,2023,4.8
Algeria,2023,9.3
American Samoa,2023,
Andorra,2023,
Angola,2023,13.6
Antigua and Barbuda,2023,5.1
Argentina,2023,
Armenia,2023,2.0
Aruba,2023,
Australia,2023,5.6
Austria,2023,7.8
Azerbaijan,2023,8.8
Bahamas,2023,5.6
Bahrain,2023,0.1
Bangladesh,2023,9.9
Barbados,2023,9.8
Belarus,2023,5.0
Belgium,2023,4.0
Belize,2023,4.4
Benin,2023,2.7
Bermuda,2023,
Bhutan,2023,4.2
Bolivia,2023,2.6
Bosnia and Herzegovina,2023,6.1
Botswana,2023,5.1
Brazil,2023,4.6
British Virgin Islands,2023,
Brunei Darussalam,2023,0.4
Bulgaria,2023,9.4
Burkina Faso,2023,0.7
Burundi,2023,26.9
Cabo Verde,2023,3.7
Cambodia,2023,2.1
Cameroon,2023,7.4
Canada,2023,3.9
Cayman Islands,2023,
Central African Republic,2023,3.0
Chad,2023,10.8
Channel Islands,2023,
Chile,2023,7.6
China,2023,0.2
Colombia,2023,11.7
Comoros,2023,
Congo,2023,
Congo,2023,3.0
Costa Rica,2023,0.5
Cote d'Ivoire,2023,4.4
Croatia,2023,7.9
Cuba,2023,
Curacao,2023,
Cyprus,2023,3.5
Czechia,2023,10.7
Denmark,2023,3.3
Djibouti,2023,1.5
Dominica,2023,4.2
Dominican Republic,2023,4.8
Ecuador,2023,2.2
Egypt,2023,13.9
El Salvador,2023,4.0
Equatorial Guinea,2023,
Eritrea,2023,
Estonia,2023,9.2
Ethiopia,2023,30.2
Faroe Islands,2023,
Fiji,2023,2.1
Finland,2023,6.3
France,2023,4.9
French Polynesia,2023,
Gabon,2023,3.6
Gambia,2023,11.5
Georgia,2023,2.5
Germany,2023,5.9
Ghana,2023,38.1
Gibraltar,2023,
Greece,2023,3.5
Greenland,2023,
Grenada,2023,2.7
Guam,2023,
Guatemala,2023,
Guinea,2023,7.8
Guinea-Bissau,2023,
Guyana,2023,2.8
Haiti,2023,36.8
Honduras,2023,6.7
Hong Kong SAR,2023,1.9
Hungary,2023,17.1
Iceland,2023,8.7
India,2023,5.6
Indonesia,2023,3.7
Iran,2023,43.5
Iraq,2023,4.4
Ireland,2023,6.3
Isle of Man,2023,
Israel,2023,4.2
Italy,2023,5.6
Jamaica,2023,6.5
Japan,2023,3.3
Jordan,2023,2.1
Kazakhstan,2023,14.7
Kenya,2023,7.7
Kiribati,2023,9.3
Korea,2023,
Korea,2023,5.1
Kosovo,2023,4.9
Kuwait,2023,3.6
Kyrgyz Republic,2023,10.8
Lao PDR,2023,31.2
Latvia,2023,8.9
Lebanon,2023,221.3
Lesotho,2023,6.3
Liberia,2023,10.1
Libya,2023,2.4
Liechtenstein,2023,
Lithuania,2023,9.1
Luxembourg,2023,3.7
Macao SAR,2023,1.0
North Macedonia,2023,9.4
Madagascar,2023,9.9
Malawi,2023,28.8
Malaysia,2023,2.5
Maldives,2023,2.9
Mali,2023,2.1
Malta,2023,5.1
Marshall Islands,2023,
Mauritania,2023,5.0
Mauritius,2023,7.1
Mexico,2023,5.5
Micronesia,2023,5.4
Moldova,2023,13.4
Monaco,2023,
Mongolia,2023,10.3
Montenegro,2023,8.6
Morocco,2023,6.1
Mozambique,2023,7.1
Myanmar,2023,
Namibia,2023,5.9
Nauru,2023,
Nepal,2023,7.1
Netherlands,2023,3.8
New Caledonia,2023,
New Zealand,2023,5.7
Nicaragua,2023,8.4
Niger,2023,3.7
Nigeria,2023,24.7
Northern Mariana Islands,2023,
Norway,2023,5.5
Oman,2023,1.0
Pakistan,2023,30.8
Palau,2023,12.8
Panama,2023,1.5
Papua New Guinea,2023,2.3
Paraguay,2023,4.6
Peru,2023,6.5
Philippines,2023,6.0
Poland,2023,11.5
Portugal,2023,4.3
Puerto Rico,2023,
Qatar,2023,3.0
Romania,2023,10.4
Russian Federation,2023,
Rwanda,2023,19.8
Samoa,2023,
San Marino,2023,
Sao Tome and Principe,2023,21.3
Saudi Arabia,2023,2.3
Senegal,2023,5.9
Serbia,2023,12.4
Seychelles,2023,-1.0
Sierra Leone,2023,47.6
Singapore,2023,4.8
Sint Maarten (Dutch part),2023,
Slovak Republic,2023,10.5
Slovenia,2023,7.4
Solomon Islands,2023,5.9
Somalia,2023,
South Africa,2023,6.1
South Sudan,2023,2.4
Spain,2023,3.5
Sri Lanka,2023,16.5
St. Kitts and Nevis,2023,3.6
St. Lucia,2023,4.1
St. Martin (French part),2023,
St. Vincent and the Grenadines,2023,4.6
Sudan,2023,
Suriname,2023,51.6
Eswatini,2023,
Sweden,2023,8.5
Switzerland,2023,2.1
Syrian Arab Republic,2023,
Tajikistan,2023,
Tanzania,2023,3.8
Thailand,2023,1.2
Timor-Leste,2023,8.4
Togo,2023,
Tonga,2023,6.4
Trinidad and Tobago,2023,4.6
Tunisia,2023,9.3
Turkiye,2023,53.9
Turkmenistan,2023,
Turks and Caicos Islands,2023,
Tuvalu,2023,
Uganda,2023,5.4
Ukraine,2023,12.8
United Arab Emirates,2023,1.6
United Kingdom,2023,6.8
United States,2023,4.1
Uruguay,2023,5.9
Uzbekistan,2023,
Vanuatu,2023,
Venezuela,2023,
Viet Nam,2023,3.3
Virgin Islands (U.S.),2023,
West Bank and Gaza,2023,5.9
Yemen,2023,
Zambia,2023,10.9
Zimbabwe,2023,
Created from: World Development Indicators,2023,
